phoneme,file,audio_kind,commons_file,commons_page,author,uploader,licence,licence_url,date
p,u0070.ogg,isolated_phoneme,Voiceless bilabial plosive.ogg,https://commons.wikimedia.org/wiki/File:Voiceless_bilabial_plosive.ogg,Joni~commonswiki,Joni~commonswiki,CC BY-SA 3.0,http://creativecommons.org/licenses/by-sa/3.0/,
b,u0062.ogg,isolated_phoneme,Voiced bilabial plosive.ogg,https://commons.wikimedia.org/wiki/File:Voiced_bilabial_plosive.ogg,Karmosin~commonswiki,Karmosin~commonswiki,CC BY-SA 3.0,http://creativecommons.org/licenses/by-sa/3.0/,
t,u0074.ogg,isolated_phoneme,Voiceless alveolar plosive.ogg,https://commons.wikimedia.org/wiki/File:Voiceless_alveolar_plosive.ogg,Karmosin~commonswiki,Karmosin~commonswiki,CC BY-SA 3.0,http://creativecommons.org/licenses/by-sa/3.0/,
d,u0064.ogg,isolated_phoneme,Voiced alveolar plosive.ogg,https://commons.wikimedia.org/wiki/File:Voiced_alveolar_plosive.ogg,Karmosin~commonswiki,Karmosin~commonswiki,CC BY-SA 3.0,http://creativecommons.org/licenses/by-sa/3.0/,
ʈ,u0288.ogg,isolated_phoneme,Voiceless retroflex stop.oga,https://commons.wikimedia.org/wiki/File:Voiceless_retroflex_stop.oga,Recorded by Peter Isotalo.,Karmosin~commonswiki,CC BY-SA 3.0,http://creativecommons.org/licenses/by-sa/3.0/,
ɖ,u0256.ogg,isolated_phoneme,Voiced retroflex stop.oga,https://commons.wikimedia.org/wiki/File:Voiced_retroflex_stop.oga,Karmosin~commonswiki,Karmosin~commonswiki,CC BY-SA 3.0,http://creativecommons.org/licenses/by-sa/3.0/,
c,u0063.ogg,isolated_phoneme,Voiceless palatal plosive.ogg,https://commons.wikimedia.org/wiki/File:Voiceless_palatal_plosive.ogg,Peter Isotalo,Karmosin~commonswiki,CC BY-SA 3.0,http://creativecommons.org/licenses/by-sa/3.0/,
ɟ,u025f.ogg,isolated_phoneme,Voiced palatal plosive.ogg,https://commons.wikimedia.org/wiki/File:Voiced_palatal_plosive.ogg,Karmosin~commonswiki,Karmosin~commonswiki,CC BY-SA 3.0,http://creativecommons.org/licenses/by-sa/3.0/,
k,u006b.ogg,isolated_phoneme,Voiceless velar plosive.ogg,https://commons.wikimedia.org/wiki/File:Voiceless_velar_plosive.ogg,Karmosin~commonswiki,Karmosin~commonswiki,CC BY-SA 3.0,http://creativecommons.org/licenses/by-sa/3.0/,
ɡ,u0261.ogg,isolated_phoneme,Voiced velar plosive 02.ogg,https://commons.wikimedia.org/wiki/File:Voiced_velar_plosive_02.ogg,BetacommandBot,BetacommandBot,CC BY-SA 3.0,http://creativecommons.org/licenses/by-sa/3.0/,
q,u0071.ogg,isolated_phoneme,Voiceless uvular plosive.ogg,https://commons.wikimedia.org/wiki/File:Voiceless_uvular_plosive.ogg,Karmosin~commonswiki,Karmosin~commonswiki,CC BY-SA 3.0,http://creativecommons.org/licenses/by-sa/3.0/,
ɢ,u0262.ogg,isolated_phoneme,Voiced uvular stop.oga,https://commons.wikimedia.org/wiki/File:Voiced_uvular_stop.oga,Karmosin~commonswiki,Karmosin~commonswiki,CC BY-SA 3.0,http://creativecommons.org/licenses/by-sa/3.0/,
ʔ,u0294.ogg,isolated_phoneme,Glottal stop.ogg,https://commons.wikimedia.org/wiki/File:Glottal_stop.ogg,No machine-readable author provided. Peter Isotalo assumed (based on copyright claims).,Karmosin~commonswiki,CC BY-SA 3.0,http://creativecommons.org/licenses/by-sa/3.0/,17 April 2005 (original upload date)
m,u006d.ogg,isolated_phoneme,Bilabial nasal.ogg,https://commons.wikimedia.org/wiki/File:Bilabial_nasal.ogg,Karmosin~commonswiki,Karmosin~commonswiki,CC BY-SA 3.0,http://creativecommons.org/licenses/by-sa/3.0/,
ɱ,u0271.ogg,isolated_phoneme,Labiodental nasal.ogg,https://commons.wikimedia.org/wiki/File:Labiodental_nasal.ogg,Karmosin~commonswiki,Karmosin~commonswiki,CC BY-SA 3.0,http://creativecommons.org/licenses/by-sa/3.0/,
n,u006e.ogg,isolated_phoneme,Alveolar nasal.ogg,https://commons.wikimedia.org/wiki/File:Alveolar_nasal.ogg,Peter Isotalo,Peter Isotalo,CC BY-SA 3.0,http://creativecommons.org/licenses/by-sa/3.0/,
ɳ,u0273.ogg,isolated_phoneme,Retroflex nasal.ogg,https://commons.wikimedia.org/wiki/File:Retroflex_nasal.ogg,Karmosin~commonswiki,Karmosin~commonswiki,CC BY-SA 3.0,http://creativecommons.org/licenses/by-sa/3.0/,
ɲ,u0272.ogg,isolated_phoneme,Palatal nasal.ogg,https://commons.wikimedia.org/wiki/File:Palatal_nasal.ogg,Karmosin~commonswiki,Karmosin~commonswiki,CC BY-SA 3.0,http://creativecommons.org/licenses/by-sa/3.0/,
ŋ,u014b.ogg,isolated_phoneme,Velar nasal.ogg,https://commons.wikimedia.org/wiki/File:Velar_nasal.ogg,Karmosin~commonswiki,Karmosin~commonswiki,CC BY-SA 3.0,http://creativecommons.org/licenses/by-sa/3.0/,
ɴ,u0274.ogg,isolated_phoneme,Uvular nasal.ogg,https://commons.wikimedia.org/wiki/File:Uvular_nasal.ogg,Karmosin~commonswiki,Karmosin~commonswiki,CC BY-SA 3.0,http://creativecommons.org/licenses/by-sa/3.0/,
ʙ,u0299.ogg,isolated_phoneme,Bilabial trill.ogg,https://commons.wikimedia.org/wiki/File:Bilabial_trill.ogg,Karmosin~commonswiki,Karmosin~commonswiki,CC BY-SA 3.0,http://creativecommons.org/licenses/by-sa/3.0/,
r,u0072.ogg,isolated_phoneme,Alveolar trill.ogg,https://commons.wikimedia.org/wiki/File:Alveolar_trill.ogg,Karmosin~commonswiki,Karmosin~commonswiki,CC BY-SA 3.0,http://creativecommons.org/licenses/by-sa/3.0/,
ʀ,u0280.ogg,isolated_phoneme,Uvular trill.ogg,https://commons.wikimedia.org/wiki/File:Uvular_trill.ogg,Karmosin~commonswiki,Karmosin~commonswiki,CC BY-SA 3.0,http://creativecommons.org/licenses/by-sa/3.0/,
ⱱ,u2c71.ogg,isolated_phoneme,Labiodental flap.ogg,https://commons.wikimedia.org/wiki/File:Labiodental_flap.ogg,Peter Isotalo,Peter Isotalo,CC BY-SA 3.0,http://creativecommons.org/licenses/by-sa/3.0/,
ɾ,u027e.ogg,isolated_phoneme,Alveolar tap.ogg,https://commons.wikimedia.org/wiki/File:Alveolar_tap.ogg,Karmosin~commonswiki,Karmosin~commonswiki,CC BY-SA 3.0,http://creativecommons.org/licenses/by-sa/3.0/,
ɽ,u027d.ogg,isolated_phoneme,Retroflex flap.ogg,https://commons.wikimedia.org/wiki/File:Retroflex_flap.ogg,Karmosin~commonswiki,Karmosin~commonswiki,CC BY-SA 3.0,http://creativecommons.org/licenses/by-sa/3.0/,
ɸ,u0278.ogg,isolated_phoneme,Voiceless bilabial fricative.ogg,https://commons.wikimedia.org/wiki/File:Voiceless_bilabial_fricative.ogg,Karmosin~commonswiki,Karmosin~commonswiki,CC BY-SA 3.0,http://creativecommons.org/licenses/by-sa/3.0/,
β,u03b2.ogg,isolated_phoneme,Voiced bilabial fricative.ogg,https://commons.wikimedia.org/wiki/File:Voiced_bilabial_fricative.ogg,Peter Isotalo,Peter Isotalo,CC BY-SA 3.0,http://creativecommons.org/licenses/by-sa/3.0/,
f,u0066.ogg,isolated_phoneme,Voiceless labiodental fricative.ogg,https://commons.wikimedia.org/wiki/File:Voiceless_labiodental_fricative.ogg,Karmosin~commonswiki,Karmosin~commonswiki,CC BY-SA 3.0,http://creativecommons.org/licenses/by-sa/3.0/,
v,u0076.ogg,isolated_phoneme,Voiced labiodental fricative.ogg,https://commons.wikimedia.org/wiki/File:Voiced_labiodental_fricative.ogg,Karmosin~commonswiki,Karmosin~commonswiki,CC BY-SA 3.0,http://creativecommons.org/licenses/by-sa/3.0/,
θ,u03b8.ogg,isolated_phoneme,Voiceless Dental Fricative.ogg,https://commons.wikimedia.org/wiki/File:Voiceless_Dental_Fricative.ogg,HuiXingMusic,HuiXingMusic,CC0,http://creativecommons.org/publicdomain/zero/1.0/deed.en,2025-08-12
ð,u00f0.ogg,isolated_phoneme,Voiced dental fricative.ogg,https://commons.wikimedia.org/wiki/File:Voiced_dental_fricative.ogg,Peter Isotalo,Peter Isotalo,CC BY-SA 3.0,http://creativecommons.org/licenses/by-sa/3.0/,
s,u0073.ogg,isolated_phoneme,Voiceless alveolar sibilant.ogg,https://commons.wikimedia.org/wiki/File:Voiceless_alveolar_sibilant.ogg,Peter Isotalo,Peter Isotalo,CC BY-SA 3.0,http://creativecommons.org/licenses/by-sa/3.0/,2024-03-30
z,u007a.ogg,isolated_phoneme,Voiced alveolar sibilant.ogg,https://commons.wikimedia.org/wiki/File:Voiced_alveolar_sibilant.ogg,Karmosin~commonswiki,Karmosin~commonswiki,CC BY-SA 3.0,http://creativecommons.org/licenses/by-sa/3.0/,
ʃ,u0283.ogg,isolated_phoneme,Voiceless palato-alveolar sibilant.ogg,https://commons.wikimedia.org/wiki/File:Voiceless_palato-alveolar_sibilant.ogg,Peter Isotalo,Peter Isotalo,CC BY-SA 3.0,http://creativecommons.org/licenses/by-sa/3.0/,2024-03-30
ʒ,u0292.ogg,isolated_phoneme,Voiced palato-alveolar sibilant.ogg,https://commons.wikimedia.org/wiki/File:Voiced_palato-alveolar_sibilant.ogg,Peter Isotalo,Peter Isotalo,CC BY-SA 3.0,http://creativecommons.org/licenses/by-sa/3.0/,2024-03-30
ʂ,u0282.ogg,isolated_phoneme,Voiceless retroflex sibilant.ogg,https://commons.wikimedia.org/wiki/File:Voiceless_retroflex_sibilant.ogg,Peter Isotalo,Peter Isotalo,CC BY-SA 3.0,http://creativecommons.org/licenses/by-sa/3.0/,2024-03-30
ʐ,u0290.ogg,isolated_phoneme,Voiced retroflex sibilant.ogg,https://commons.wikimedia.org/wiki/File:Voiced_retroflex_sibilant.ogg,Peter Isotalo,Peter Isotalo,CC BY-SA 3.0,http://creativecommons.org/licenses/by-sa/3.0/,2024-03-30
ç,u00e7.ogg,isolated_phoneme,Voiceless palatal fricative.ogg,https://commons.wikimedia.org/wiki/File:Voiceless_palatal_fricative.ogg,Kostya-Artist2005,Kostya-Artist2005,CC BY-SA 3.0,http://creativecommons.org/licenses/by-sa/3.0/,
ʝ,u029d.ogg,isolated_phoneme,Voiced palatal fricative.ogg,https://commons.wikimedia.org/wiki/File:Voiced_palatal_fricative.ogg,Karmosin~commonswiki,Karmosin~commonswiki,CC BY-SA 3.0,http://creativecommons.org/licenses/by-sa/3.0/,
x,u0078.ogg,isolated_phoneme,Voiceless velar fricative.ogg,https://commons.wikimedia.org/wiki/File:Voiceless_velar_fricative.ogg,Karmosin~commonswiki,Karmosin~commonswiki,CC BY-SA 3.0,http://creativecommons.org/licenses/by-sa/3.0/,
ɣ,u0263.ogg,isolated_phoneme,Voiced velar fricative.ogg,https://commons.wikimedia.org/wiki/File:Voiced_velar_fricative.ogg,Adamsa123,Adamsa123,CC BY-SA 3.0,http://creativecommons.org/licenses/by-sa/3.0/,
χ,u03c7.ogg,isolated_phoneme,Voiceless uvular fricative.ogg,https://commons.wikimedia.org/wiki/File:Voiceless_uvular_fricative.ogg,Nardog,Nardog,CC BY-SA 3.0,http://creativecommons.org/licenses/by-sa/3.0/,
ʁ,u0281.ogg,isolated_phoneme,Voiced uvular fricative.ogg,https://commons.wikimedia.org/wiki/File:Voiced_uvular_fricative.ogg,Karmosin~commonswiki,Karmosin~commonswiki,CC BY-SA 3.0,http://creativecommons.org/licenses/by-sa/3.0/,
ħ,u0127.ogg,isolated_phoneme,Voiceless pharyngeal fricative.ogg,https://commons.wikimedia.org/wiki/File:Voiceless_pharyngeal_fricative.ogg,Leonel Sohns,Leonel Sohns,CC BY-SA 3.0,http://creativecommons.org/licenses/by-sa/3.0/,
ʕ,u0295.ogg,isolated_phoneme,Voiced pharyngeal fricative.ogg,https://commons.wikimedia.org/wiki/File:Voiced_pharyngeal_fricative.ogg,Peter Isotalo,Kostya-Artist2005,CC BY-SA 3.0,http://creativecommons.org/licenses/by-sa/3.0/,2005-05-09
h,u0068.ogg,isolated_phoneme,Voiceless glottal fricative.ogg,https://commons.wikimedia.org/wiki/File:Voiceless_glottal_fricative.ogg,Karmosin~commonswiki,Karmosin~commonswiki,CC BY-SA 3.0,http://creativecommons.org/licenses/by-sa/3.0/,
ɦ,u0266.ogg,isolated_phoneme,Voiced glottal fricative.ogg,https://commons.wikimedia.org/wiki/File:Voiced_glottal_fricative.ogg,Karmosin,Liaon98,CC BY-SA 3.0,http://creativecommons.org/licenses/by-sa/3.0/,2005-04-17
ɬ,u026c.ogg,isolated_phoneme,Voiceless alveolar lateral fricative.ogg,https://commons.wikimedia.org/wiki/File:Voiceless_alveolar_lateral_fricative.ogg,Recorded by tFighterPilot,Nardog,CC BY-SA 3.0,https://creativecommons.org/licenses/by-sa/3.0,2011-10-05
ɮ,u026e.ogg,isolated_phoneme,Voiced alveolar lateral fricative.ogg,https://commons.wikimedia.org/wiki/File:Voiced_alveolar_lateral_fricative.ogg,Adamsa123,Kostya-Artist2005,CC BY-SA 3.0,http://creativecommons.org/licenses/by-sa/3.0/,2015-09-17
ʋ,u028b.ogg,isolated_phoneme,Labiodental approximant.ogg,https://commons.wikimedia.org/wiki/File:Labiodental_approximant.ogg,Karmosin~commonswiki,Karmosin~commonswiki,CC BY-SA 3.0,http://creativecommons.org/licenses/by-sa/3.0/,
ɹ,u0279.ogg,isolated_phoneme,Alveolar approximant.ogg,https://commons.wikimedia.org/wiki/File:Alveolar_approximant.ogg,Erutuon,Nardog,CC BY-SA 3.0,http://creativecommons.org/licenses/by-sa/3.0/,2015-02-26
ɻ,u027b.ogg,isolated_phoneme,Retroflex approximant.ogg,https://commons.wikimedia.org/wiki/File:Retroflex_approximant.ogg,Karmosin,GammaSupremacy,CC BY-SA 3.0,http://creativecommons.org/licenses/by-sa/3.0/,2012-05-02
j,u006a.ogg,isolated_phoneme,Palatal approximant.ogg,https://commons.wikimedia.org/wiki/File:Palatal_approximant.ogg,Karmosin~commonswiki,Karmosin~commonswiki,CC BY-SA 3.0,http://creativecommons.org/licenses/by-sa/3.0/,
ɰ,u0270.ogg,isolated_phoneme,Voiced velar approximant.ogg,https://commons.wikimedia.org/wiki/File:Voiced_velar_approximant.ogg,Karmosin~commonswiki,Karmosin~commonswiki,CC BY-SA 3.0,http://creativecommons.org/licenses/by-sa/3.0/,
l,u006c.ogg,isolated_phoneme,Alveolar lateral approximant.ogg,https://commons.wikimedia.org/wiki/File:Alveolar_lateral_approximant.ogg,Karmosin~commonswiki,Karmosin~commonswiki,CC BY-SA 3.0,http://creativecommons.org/licenses/by-sa/3.0/,
ɭ,u026d.ogg,isolated_phoneme,Retroflex lateral approximant.ogg,https://commons.wikimedia.org/wiki/File:Retroflex_lateral_approximant.ogg,Karmosin~commonswiki,Karmosin~commonswiki,CC BY-SA 3.0,http://creativecommons.org/licenses/by-sa/3.0/,
ʎ,u028e.ogg,isolated_phoneme,Palatal lateral approximant.ogg,https://commons.wikimedia.org/wiki/File:Palatal_lateral_approximant.ogg,Peter Isotalo,Peter Isotalo,CC BY-SA 3.0,http://creativecommons.org/licenses/by-sa/3.0/,
ʟ,u029f.ogg,isolated_phoneme,Velar lateral approximant.ogg,https://commons.wikimedia.org/wiki/File:Velar_lateral_approximant.ogg,Peter Isotalo,Peter Isotalo,CC BY-SA 3.0,http://creativecommons.org/licenses/by-sa/3.0/,
w,u0077.ogg,isolated_phoneme,Voiced labio-velar approximant.ogg,https://commons.wikimedia.org/wiki/File:Voiced_labio-velar_approximant.ogg,Karmosin~commonswiki,Karmosin~commonswiki,CC BY-SA 3.0,http://creativecommons.org/licenses/by-sa/3.0/,
ʍ,u028d.ogg,isolated_phoneme,Voiceless labio-velar fricative.ogg,https://commons.wikimedia.org/wiki/File:Voiceless_labio-velar_fricative.ogg,Karmosin~commonswiki,Karmosin~commonswiki,CC BY-SA 3.0,http://creativecommons.org/licenses/by-sa/3.0/,
ɥ,u0265.ogg,isolated_phoneme,Voiced labialized post-palatal approximant.ogg,https://commons.wikimedia.org/wiki/File:Voiced_labialized_post-palatal_approximant.ogg,BodhiHarp,BodhiHarp,CC0,http://creativecommons.org/publicdomain/zero/1.0/deed.en,2025-08-04
ɕ,u0255.ogg,isolated_phoneme,Voiceless alveolo-palatal sibilant.ogg,https://commons.wikimedia.org/wiki/File:Voiceless_alveolo-palatal_sibilant.ogg,Peter Isotalo,Peter Isotalo,CC BY-SA 3.0,http://creativecommons.org/licenses/by-sa/3.0/,
ʑ,u0291.ogg,isolated_phoneme,Voiced alveolo-palatal sibilant.ogg,https://commons.wikimedia.org/wiki/File:Voiced_alveolo-palatal_sibilant.ogg,Peter Isotalo,DramaRot,CC BY-SA 3.0,http://creativecommons.org/licenses/by-sa/3.0/,2024-03-30
ɺ,u027a.ogg,isolated_phoneme,Voiced alveolar lateral flap.wav,https://commons.wikimedia.org/wiki/File:Voiced_alveolar_lateral_flap.wav,Eshaan011,Eshaan011,CC0,http://creativecommons.org/publicdomain/zero/1.0/deed.en,2024-03-03
ts,u0074_0073.ogg,isolated_phoneme,Voiceless alveolar sibilant affricate.oga,https://commons.wikimedia.org/wiki/File:Voiceless_alveolar_sibilant_affricate.oga,Karmosin~commonswiki,Karmosin~commonswiki,CC BY-SA 3.0,http://creativecommons.org/licenses/by-sa/3.0/,
dz,u0064_007a.ogg,isolated_phoneme,Voiced alveolar sibilant affricate.oga,https://commons.wikimedia.org/wiki/File:Voiced_alveolar_sibilant_affricate.oga,Peter Isotalo,Peter Isotalo,CC BY-SA 3.0,http://creativecommons.org/licenses/by-sa/3.0/,
tʃ,u0074_0283.ogg,isolated_phoneme,Voiceless palato-alveolar affricate.ogg,https://commons.wikimedia.org/wiki/File:Voiceless_palato-alveolar_affricate.ogg,Peter Isotalo,Peter Isotalo,CC BY-SA 3.0,https://creativecommons.org/licenses/by-sa/3.0,2010-02-26
dʒ,u0064_0292.ogg,isolated_phoneme,Voiced palato-alveolar affricate.ogg,https://commons.wikimedia.org/wiki/File:Voiced_palato-alveolar_affricate.ogg,The original uploader was Octane at English Wikipedia.,File Upload Bot (Magnus Manske),Public domain,,23 July 2007 (original upload date)
tɕ,u0074_0255.ogg,isolated_phoneme,Voiceless alveolo-palatal affricate.ogg,https://commons.wikimedia.org/wiki/File:Voiceless_alveolo-palatal_affricate.ogg,Halibutt,Halibutt,CC BY-SA 3.0,http://creativecommons.org/licenses/by-sa/3.0/,
dʑ,u0064_0291.ogg,isolated_phoneme,Voiced alveolo-palatal affricate.ogg,https://commons.wikimedia.org/wiki/File:Voiced_alveolo-palatal_affricate.ogg,Halibutt,Halibutt,CC BY-SA 3.0,http://creativecommons.org/licenses/by-sa/3.0/,
ʘ,u0298.ogg,isolated_phoneme,Bilabial click.ogg,https://commons.wikimedia.org/wiki/File:Bilabial_click.ogg,Peter Isotalo,Peter Isotalo,CC BY-SA 3.0,http://creativecommons.org/licenses/by-sa/3.0/,
ǀ,u01c0.ogg,isolated_phoneme,Dental click.ogg,https://commons.wikimedia.org/wiki/File:Dental_click.ogg,Karmosin~commonswiki,Karmosin~commonswiki,CC BY-SA 3.0,http://creativecommons.org/licenses/by-sa/3.0/,
ǃ,u01c3.ogg,isolated_phoneme,Postalveolar click.ogg,https://commons.wikimedia.org/wiki/File:Postalveolar_click.ogg,Karmosin~commonswiki,Karmosin~commonswiki,CC BY-SA 3.0,http://creativecommons.org/licenses/by-sa/3.0/,
ǂ,u01c2.ogg,isolated_phoneme,Palatoalveolar click.ogg,https://commons.wikimedia.org/wiki/File:Palatoalveolar_click.ogg,Karmosin~commonswiki,Karmosin~commonswiki,CC BY-SA 3.0,http://creativecommons.org/licenses/by-sa/3.0/,
ǁ,u01c1.ogg,isolated_phoneme,Alveolar lateral click.ogg,https://commons.wikimedia.org/wiki/File:Alveolar_lateral_click.ogg,Karmosin~commonswiki,Karmosin~commonswiki,CC BY-SA 3.0,http://creativecommons.org/licenses/by-sa/3.0/,
ɓ,u0253.ogg,isolated_phoneme,Voiced bilabial implosive.ogg,https://commons.wikimedia.org/wiki/File:Voiced_bilabial_implosive.ogg,Peter Isotalo,DramaRot,CC BY-SA 3.0,http://creativecommons.org/licenses/by-sa/3.0/,2024-03-20
ɗ,u0257.ogg,isolated_phoneme,Voiced alveolar implosive.ogg,https://commons.wikimedia.org/wiki/File:Voiced_alveolar_implosive.ogg,Peter Isotalo,DramaRot,CC BY-SA 3.0,http://creativecommons.org/licenses/by-sa/3.0/,2024-03-20
ʄ,u0284.ogg,isolated_phoneme,Voiced palatal implosive.ogg,https://commons.wikimedia.org/wiki/File:Voiced_palatal_implosive.ogg,Karmosin~commonswiki,Karmosin~commonswiki,CC BY-SA 3.0,http://creativecommons.org/licenses/by-sa/3.0/,
ɠ,u0260.ogg,isolated_phoneme,Voiced velar implosive.ogg,https://commons.wikimedia.org/wiki/File:Voiced_velar_implosive.ogg,Karmosin~commonswiki,Karmosin~commonswiki,CC BY-SA 3.0,http://creativecommons.org/licenses/by-sa/3.0/,
ʛ,u029b.ogg,isolated_phoneme,Voiced uvular implosive.ogg,https://commons.wikimedia.org/wiki/File:Voiced_uvular_implosive.ogg,Karmosin~commonswiki,Karmosin~commonswiki,CC BY-SA 3.0,http://creativecommons.org/licenses/by-sa/3.0/,
i,u0069.ogg,isolated_phoneme,Close front unrounded vowel.ogg,https://commons.wikimedia.org/wiki/File:Close_front_unrounded_vowel.ogg,No machine-readable author provided. Denelson83 assumed (based on copyright claims).,Denelson83,CC BY-SA 3.0,http://creativecommons.org/licenses/by-sa/3.0/,16 July 2005 (original upload date)
y,u0079.ogg,isolated_phoneme,Close front rounded vowel.ogg,https://commons.wikimedia.org/wiki/File:Close_front_rounded_vowel.ogg,No machine-readable author provided. Denelson83 assumed (based on copyright claims).,Denelson83,CC BY-SA 3.0,http://creativecommons.org/licenses/by-sa/3.0/,16 July 2005 (original upload date)
ɨ,u0268.ogg,isolated_phoneme,Close central unrounded vowel.ogg,https://commons.wikimedia.org/wiki/File:Close_central_unrounded_vowel.ogg,No machine-readable author provided. Denelson83 assumed (based on copyright claims).,Anlztrk,CC BY-SA 3.0,http://creativecommons.org/licenses/by-sa/3.0/,20 July 2005 (original upload date)
ʉ,u0289.ogg,isolated_phoneme,Close central rounded vowel.ogg,https://commons.wikimedia.org/wiki/File:Close_central_rounded_vowel.ogg,No machine-readable author provided. Denelson83 assumed (based on copyright claims).,Denelson83,CC BY-SA 3.0,http://creativecommons.org/licenses/by-sa/3.0/,16 July 2005 (original upload date)
ɯ,u026f.ogg,isolated_phoneme,Close back unrounded vowel.ogg,https://commons.wikimedia.org/wiki/File:Close_back_unrounded_vowel.ogg,No machine-readable author provided. Denelson83 assumed (based on copyright claims).,Denelson83,CC BY-SA 3.0,http://creativecommons.org/licenses/by-sa/3.0/,16 July 2005 (original upload date)
u,u0075.ogg,isolated_phoneme,Close back rounded vowel.ogg,https://commons.wikimedia.org/wiki/File:Close_back_rounded_vowel.ogg,No machine-readable author provided. Denelson83 assumed (based on copyright claims).,Denelson83,CC BY-SA 3.0,http://creativecommons.org/licenses/by-sa/3.0/,16 July 2005 (original upload date)
ɪ,u026a.ogg,isolated_phoneme,Near-close near-front unrounded vowel.ogg,https://commons.wikimedia.org/wiki/File:Near-close_near-front_unrounded_vowel.ogg,No machine-readable author provided. Denelson83 assumed (based on copyright claims).,Denelson83,CC BY-SA 3.0,http://creativecommons.org/licenses/by-sa/3.0/,16 July 2005 (original upload date)
ʏ,u028f.ogg,isolated_phoneme,Near-close near-front rounded vowel.ogg,https://commons.wikimedia.org/wiki/File:Near-close_near-front_rounded_vowel.ogg,No machine-readable author provided. Denelson83 assumed (based on copyright claims).,Denelson83,CC BY-SA 3.0,http://creativecommons.org/licenses/by-sa/3.0/,16 July 2005 (original upload date)
ʊ,u028a.ogg,isolated_phoneme,Near-close near-back rounded vowel.ogg,https://commons.wikimedia.org/wiki/File:Near-close_near-back_rounded_vowel.ogg,No machine-readable author provided. Denelson83 assumed (based on copyright claims).,Yann,CC BY-SA 3.0,http://creativecommons.org/licenses/by-sa/3.0/,16 July 2005 (original upload date)
e,u0065.ogg,isolated_phoneme,Close-mid front unrounded vowel.ogg,https://commons.wikimedia.org/wiki/File:Close-mid_front_unrounded_vowel.ogg,No machine-readable author provided. Denelson83 assumed (based on copyright claims).,トレインファン,CC BY-SA 3.0,http://creativecommons.org/licenses/by-sa/3.0/,16 July 2005 (original upload date)
ø,u00f8.ogg,isolated_phoneme,Close-mid front rounded vowel.ogg,https://commons.wikimedia.org/wiki/File:Close-mid_front_rounded_vowel.ogg,Denelson83,JøMa,CC BY-SA 3.0,http://creativecommons.org/licenses/by-sa/3.0/,16 July 2005 (original upload date)
ɘ,u0258.ogg,isolated_phoneme,Close-mid central unrounded vowel.ogg,https://commons.wikimedia.org/wiki/File:Close-mid_central_unrounded_vowel.ogg,Denelson83,Oklopfer,CC BY-SA 3.0,http://creativecommons.org/licenses/by-sa/3.0/,2005-07-16
ɵ,u0275.ogg,isolated_phoneme,Close-mid central rounded vowel.ogg,https://commons.wikimedia.org/wiki/File:Close-mid_central_rounded_vowel.ogg,No machine-readable author provided. Denelson83 assumed (based on copyright claims).,DramaRot,CC BY-SA 3.0,http://creativecommons.org/licenses/by-sa/3.0/,16 July 2005 (original upload date)
ɤ,u0264.ogg,isolated_phoneme,Close-mid back unrounded vowel.ogg,https://commons.wikimedia.org/wiki/File:Close-mid_back_unrounded_vowel.ogg,No machine-readable author provided. Denelson83 assumed (based on copyright claims).,Yann,CC BY-SA 3.0,http://creativecommons.org/licenses/by-sa/3.0/,16 July 2005 (original upload date)
o,u006f.ogg,isolated_phoneme,Close-mid back rounded vowel.ogg,https://commons.wikimedia.org/wiki/File:Close-mid_back_rounded_vowel.ogg,No machine-readable author provided. Denelson83 assumed (based on copyright claims).,Yann,CC BY-SA 3.0,http://creativecommons.org/licenses/by-sa/3.0/,16 July 2005 (original upload date)
ə,u0259.ogg,isolated_phoneme,Mid-central vowel.ogg,https://commons.wikimedia.org/wiki/File:Mid-central_vowel.ogg,No machine-readable author provided. Denelson83 assumed (based on copyright claims).,Trlkly,CC BY-SA 3.0,http://creativecommons.org/licenses/by-sa/3.0/,16 July 2005 (original upload date)
ɛ,u025b.ogg,isolated_phoneme,Open-mid front unrounded vowel.ogg,https://commons.wikimedia.org/wiki/File:Open-mid_front_unrounded_vowel.ogg,No machine-readable author provided. Denelson83 assumed (based on copyright claims).,DePiep,CC BY-SA 3.0,http://creativecommons.org/licenses/by-sa/3.0/,16 July 2005 (original upload date)
œ,u0153.ogg,isolated_phoneme,Open-mid front rounded vowel.ogg,https://commons.wikimedia.org/wiki/File:Open-mid_front_rounded_vowel.ogg,No machine-readable author provided. JøMa assumed (based on copyright claims).,JøMa,CC BY-SA 3.0,http://creativecommons.org/licenses/by-sa/3.0/,27 March 2011 (original upload date)
ɜ,u025c.ogg,isolated_phoneme,Open-mid central unrounded vowel.ogg,https://commons.wikimedia.org/wiki/File:Open-mid_central_unrounded_vowel.ogg,No machine-readable author provided. Denelson83 assumed (based on copyright claims).,SUM1,CC BY-SA 3.0,http://creativecommons.org/licenses/by-sa/3.0/,16 July 2005 (original upload date)
ɞ,u025e.ogg,isolated_phoneme,Open-mid central rounded vowel.ogg,https://commons.wikimedia.org/wiki/File:Open-mid_central_rounded_vowel.ogg,No machine-readable author provided. Denelson83 assumed (based on copyright claims).,The Spartan 003,CC BY-SA 3.0,http://creativecommons.org/licenses/by-sa/3.0/,16 July 2005 (original upload date)
ʌ,u028c.ogg,isolated_phoneme,Open-mid back unrounded vowel.ogg,https://commons.wikimedia.org/wiki/File:Open-mid_back_unrounded_vowel.ogg,No machine-readable author provided. Denelson83 assumed (based on copyright claims).,1tslmn2015,CC BY-SA 3.0,http://creativecommons.org/licenses/by-sa/3.0/,16 July 2005 (original upload date)
ɔ,u0254.ogg,isolated_phoneme,Open-mid back rounded vowel.ogg,https://commons.wikimedia.org/wiki/File:Open-mid_back_rounded_vowel.ogg,No machine-readable author provided. Denelson83 assumed (based on copyright claims).,Yann,CC BY-SA 3.0,http://creativecommons.org/licenses/by-sa/3.0/,16 July 2005 (original upload date)
æ,u00e6.ogg,isolated_phoneme,Near-open front unrounded vowel.ogg,https://commons.wikimedia.org/wiki/File:Near-open_front_unrounded_vowel.ogg,No machine-readable author provided. Denelson83 assumed (based on copyright claims).,Yann,CC BY-SA 3.0,http://creativecommons.org/licenses/by-sa/3.0/,16 July 2005 (original upload date)
ɐ,u0250.ogg,isolated_phoneme,Near-open central unrounded vowel.ogg,https://commons.wikimedia.org/wiki/File:Near-open_central_unrounded_vowel.ogg,No machine-readable author provided. Denelson83 assumed (based on copyright claims).,SUM1,CC BY-SA 3.0,http://creativecommons.org/licenses/by-sa/3.0/,16 July 2005 (original upload date)
a,u0061.ogg,isolated_phoneme,Open front unrounded vowel.ogg,https://commons.wikimedia.org/wiki/File:Open_front_unrounded_vowel.ogg,No machine-readable author provided. Denelson83 assumed (based on copyright claims).,Yann,CC BY-SA 3.0,http://creativecommons.org/licenses/by-sa/3.0/,16 July 2005 (original upload date)
ɶ,u0276.ogg,isolated_phoneme,Open front rounded vowel.ogg,https://commons.wikimedia.org/wiki/File:Open_front_rounded_vowel.ogg,No machine-readable author provided. Denelson83 assumed (based on copyright claims).,Peter238,CC BY-SA 3.0,http://creativecommons.org/licenses/by-sa/3.0/,16 July 2005 (original upload date)
ɑ,u0251.ogg,isolated_phoneme,Open back unrounded vowel.ogg,https://commons.wikimedia.org/wiki/File:Open_back_unrounded_vowel.ogg,No machine-readable author provided. Denelson83 assumed (based on copyright claims).,Yann,CC BY-SA 3.0,http://creativecommons.org/licenses/by-sa/3.0/,16 July 2005 (original upload date)
ɒ,u0252.ogg,isolated_phoneme,Open back rounded vowel.ogg,https://commons.wikimedia.org/wiki/File:Open_back_rounded_vowel.ogg,No machine-readable author provided. Denelson83 assumed (based on copyright claims).,The Spartan 003,CC BY-SA 3.0,http://creativecommons.org/licenses/by-sa/3.0/,16 July 2005 (original upload date)
aɪ,u0061_026a.ogg,word_example,En-us-eye.ogg,https://commons.wikimedia.org/wiki/File:En-us-eye.ogg,No machine-readable author provided. Muke assumed (based on copyright claims).,Muke,Public domain,,2 December 2004 (original upload date)
aʊ,u0061_028a.ogg,word_example,En-us-ow.ogg,https://commons.wikimedia.org/wiki/File:En-us-ow.ogg,Dvortygirl,Dvortygirl,CC BY-SA 3.0,http://creativecommons.org/licenses/by-sa/3.0/,2006-10-01
eɪ,u0065_026a.ogg,word_example,En-us-hey.ogg,https://commons.wikimedia.org/wiki/File:En-us-hey.ogg,Dvortygirl,Dvortygirl,Public domain,,2005-08-13
əʊ,u0259_028a.ogg,word_example,En-uk-oh.ogg,https://commons.wikimedia.org/wiki/File:En-uk-oh.ogg,Rockrunnerthecard,Rockrunnerthecard,CC BY-SA 4.0,https://creativecommons.org/licenses/by-sa/4.0,2014-11-20
ɔɪ,u0254_026a.ogg,word_example,En-us-boy.ogg,https://commons.wikimedia.org/wiki/File:En-us-boy.ogg,Dvortygirl,Dvortygirl,CC BY-SA 3.0,http://creativecommons.org/licenses/by-sa/3.0/,2006-06-04
ɪə,u026a_0259.ogg,word_example,En-uk-ear.ogg,https://commons.wikimedia.org/wiki/File:En-uk-ear.ogg,No machine-readable author provided. Chris Melville assumed (based on copyright claims).,Chris Melville,Public domain,,11 April 2007 (original upload date)
eə,u0065_0259.ogg,word_example,En-uk-air.ogg,https://commons.wikimedia.org/wiki/File:En-uk-air.ogg,"Association Shtooka, Judith Franck",DerbethBot,CC BY 3.0 us,https://creativecommons.org/licenses/by/3.0/us/deed.en,2009-11-07
ʊə,u028a_0259.ogg,word_example,En-us-tour.ogg,https://commons.wikimedia.org/wiki/File:En-us-tour.ogg,Dvortygirl,Dvortygirl,CC BY-SA 3.0,http://creativecommons.org/licenses/by-sa/3.0/,2006-09-21
